Company Name,Street Address,City,State,Zip Code,Zip Plus,Contact First Name,Contact Last Name,Contact Title,Phone,Business Description,Primary NAICS,NAICS2,NAICS3,NAICS4,NAICS5,Business Type,County,Employee,Annual Sales,URL,Year Established
217 Brew Works,217 South St S,Wilson,NC,27893,4911,Tom,Curran,Owner,2529916958,Brewers (mfrs),312120,,,,,Private,Wilson,14,10453000,217BREWWORKS.COM,2016
All Sevens Brewing,777 Haywood Rd,Asheville,NC,28806,3132,,,,8282259782,Brewers (mfrs),312120,,,,,Private,Buncombe,23,34511000,,2018
Altamont Brewing Co,1050 Haywood Rd,Asheville,NC,28806,2639,,,,8284123212,Brewers (mfrs),312120,,,,,Private,Buncombe,23,34511000,,2017
Andrews Brewing Co,1026 Main St,Andrews,NC,28901,,,,,8283212006,Brewers (mfrs),312120,,,,,Private,Cherokee,14,17916000,,2018
Angry Troll Brewing,222 E Main St # U2,Elkin,NC,28621,3493,Cicely,Mc Culloch,Owner,3368350103,Brewers (mfrs),312120,,,,,Private,Surry,12,16648000,ANGRYTROLLBREWING.COM,2015
Archetype Brewing LLC,54 Madison Ave,Asheville,NC,28801,1934,Bradford,Casanova,Owner,8280001111,Brewers (mfrs),312120,,,,,Private,Buncombe,23,34511000,,2016
Artisanal Brewing Ventures,2651 Bagby Ln # B,Charlotte,NC,28208,3651,John,Coleman,CEO,7040001111,Brewers (mfrs),312120,551112,,,,Private,Mecklenburg,14,,ARTISANBEVERAGEGROUP.COM,2016
Artisanal Brewing Ventures,4001 Yancey Rd,Charlotte,NC,28217,1771,John P,Coleman,Owner,7040001111,Brewers (mfrs),312120,,,,,Private,Mecklenburg,14,7049000,,2017
Ass Clown Brewing Co,10620 Bailey Rd # E,Cornelius,NC,28031,9364,Matt,Glidden,Owner,9805050399,Brewers (mfrs),312120,445310,445310,,,Private,Mecklenburg,14,7049000,ASSCLOWNBREWING.COM,2011
Aviator Brewing Co,209 Technology Park Ln,Fuquay Varina,NC,27526,9311,Mark,Doble,CEO,9195672337,Brewers (mfrs),312120,,,,,Private,Wake,4,1761000,AVIATORBREW.COM,2008
Back Nine Pub,4220 NW Cary Pkwy,Cary,NC,27513,8411,Sandy,Rossini,Owner,9194623550,Brewers (mfrs),312120,722511,722410,,,Private,Wake,10,4401000,THEBACK9PUB.COM,2010
Bake Bottle & Brew,147 N Front St,Swansboro,NC,28584,9020,Jack,Harnatkiewicz,Owner,9103257550,Brewers (mfrs),312120,424490,445310,445310,453220,Private,Onslow,1,1376000,BAKEBOTTLEBREW.COM,2011
Balsam Falls Brewing Co,506 W Main St,Sylva,NC,28779,5544,,,,8286311987,Brewers (mfrs),312120,722410,,,,Private,Jackson,14,19223000,,2017
Barking Duck Brewing Co,4400 Morris Park Dr # O,Mint Hill,NC,28227,9269,Jacob,Reynolds,Owner,9804987505,Brewers (mfrs),312120,,,,,Private,Mecklenburg,14,7049000,BARKINGDUCKBREW.COM,2014
Basic Brewery LLC,131 3rd Ave W,Hendersonville,NC,28792,4313,Richard,Wenger,Owner,8285135030,Brewers (mfrs),312120,,,,,Private,Henderson,14,20693000,BASICBREWERY.COM,2015
Bearwaters Brewing Co,101 Park St,Canton,NC,28716,4319,Kevin R,Sandefur,President,8282374200,Brewers (mfrs),312120,,,,,Private,Haywood,14,19614000,BEARWATERSBREWING.COM,2017
Beer Growler,1427 South Blvd # 101,Charlotte,NC,28203,6446,Kristen,Knox,Owner,7048179374,Brewers (mfrs),312120,,,,,Private,Mecklenburg,14,7049000,,2015
Belt Line Station,923 Franklin St,Durham,NC,27701,4369,Loren A,Loder,Owner,9199088325,Brewers (mfrs),312120,,,,,Private,Durham,14,4442000,,2015
Bhavana Brewery,1401 S Bloodworth St,Raleigh,NC,27610,6873,,,,9193078779,Brewers (mfrs),312120,,,,,Private,Wake,4,1761000,,2016
Bhramari Brewing Co,101 S Lexington Ave,Asheville,NC,28801,3309,Allison,Sernack,Owner,8282147981,Brewers (mfrs),312120,,,,,Private,Buncombe,23,34511000,,2018
Big Boss Brewing Co,1249 Wicker Dr # A,Raleigh,NC,27604,1683,Geoff,Lamb,Owner,9198340045,Brewers (mfrs),312120,445310,,,,Private,Wake,7,3081000,BIGBOSSBREWING.COM,2003
Big Game Brewing LLC,134B Industrial Park Dr,Trenton,NC,28585,9593,,,,2520001111,Brewers (mfrs),312120,,,,,Private,Jones,14,18573000,,2018
Birdsong Brewing,1016 N Davidson St,Charlotte,NC,28206,3371,Christopher,Goulet,Partner,7043347704,Brewers (mfrs),312120,445310,445310,,,Private,Mecklenburg,20,10070000,BIRDSONGBREWING.COM,2011
Black Creek Brewery,111-113 Depot Street,Roxboro,NC,27573,,,,,9195244319,Brewers (mfrs),312120,,,,,Private,Person,14,10453000,,2018
Black Mountain Brewing,131 Broadway St,Black Mountain,NC,28711,3422,John,Richardson,Owner,8283575010,Brewers (mfrs),312120,,,,,Private,Buncombe,3,,,2019
Black Mountain Brewing-Dstllng,117 Cherry St # C,Black Mountain,NC,28711,3457,,,,8280001111,Brewers (mfrs),312120,,,,,Private,Buncombe,23,34511000,,2017
Blind Squirrel Brewery,4716 US Highway 19E S,Plumtree,NC,28664,,,,,8287652739,Brewers (mfrs),312120,722511,,,,Private,Avery,14,16467000,BLINDSQUIRRELBREWERY.COM,2014
Blue Blaze Brewing,528 S Turner Ave,Charlotte,NC,28208,4259,Craig,Nunn,President,9808592586,Brewers (mfrs),312120,445310,,,,Private,Mecklenburg,14,7049000,BLUEBLAZEBREWING.COM,2015
Blue Ghost Brewing,125 Underwood Rd,Fletcher,NC,28732,8634,,,,8283760159,Brewers (mfrs),312120,,,,,Private,Henderson,14,20693000,BLUEGHOSTBREWING.COM,2016
Bold Missy Brewery Inc,610 Anderson St,Charlotte,NC,28205,1208,Carol,Waggener,Owner,9802994184,Brewers (mfrs),312120,445310,,,,Private,Mecklenburg,14,7049000,BOLDMISSYBREWERY.COM,2017
Bold Rock Hard Cider,72 School House Rd,Mills River,NC,28759,9712,Seth,Plemmons,Manager,8285959941,Brewers (mfrs),312120,445310,,,,Private,Henderson,14,20693000,BOLDROCK.COM,2010
Bombshell Beer Co,120 Quantum St,Holly Springs,NC,27540,8861,Ellen,Joyner,Other,9198231933,Brewers (mfrs),312120,424490,445310,,,Private,Wake,1,441000,BOMBSHELLBEER.COM,2013
Boojum Brewing Co,357 Dayton Dr,Waynesville,NC,28786,6931,Kelsie,Baker,Owner,8289440888,Brewers (mfrs),312120,,,,,Private,Haywood,14,19614000,BOOJUMBREWING.COM,2014
Boojum Tap Room,50 N Main St,Waynesville,NC,28786,3889,,,,8282460350,Brewers (mfrs),312120,722511,445310,,,Private,Haywood,14,19614000,BOOJUMBREWING.COM,2015
Boondocks Brew Haus,302 S Jefferson Ave,West Jefferson,NC,28694,,,,,3368467525,Brewers (mfrs),312120,722511,,,,Private,Ashe,14,17775000,BOONDOCKSBEER.COM,2014
Booneshine Brewing Co,465 Industrial Park Dr,Boone,NC,28607,3942,,,,8287734851,Brewers (mfrs),312120,445310,,,,Private,Watauga,14,19558000,BOONESHINE.BEER,2015
Boylan Bridge Brewpub,201 S Boylan Ave,Raleigh,NC,27603,1803,Andrew,Leager,Owner,9198038927,Brewers (mfrs),312120,722511,,,,Private,Wake,4,1761000,BOYLANBRIDGE.COM,2008
Brevard Brewing Co,63 E Main St,Brevard,NC,28712,3746,Kyle,Williams,Owner,8288852101,Brewers (mfrs),312120,445310,445310,,,Private,Transylvania,14,16986000,BREVARD-BREWING.COM,1861
Brew Dolly Obx,8910 S Old Oregon Inlet Rd,Nags Head,NC,27959,,,,,2523123717,Brewers (mfrs),312120,,,,,Private,Dare,14,20672000,BREWDOLLYOBX.COM,2017
Brew N Que Apex,2045 Creekside Landing Dr,Apex,NC,27502,3982,,,,9196012430,Brewers (mfrs),312120,,,,,Private,Wake,4,1761000,BREWNQUENC.COM,2017
Brew Publik,900 Nc Music Factory Blvd # B,Charlotte,NC,28206,6003,,,,7044970715,Brewers (mfrs),312120,,,,,Private,Mecklenburg,14,7049000,BREWPUBLIK.BEER,2016
Brew Your Practice LLC,59 Charlotte St # 2,Asheville,NC,28801,2435,Jane,Carter,Manager,8280001111,Brewers (mfrs),312120,,,,,Private,Buncombe,23,34511000,,2017
Brewers At 4001 Yancey,4001 Yancey Rd # A,Charlotte,NC,28217,1772,,,,7044524001,Brewers (mfrs),312120,,,,,Private,Mecklenburg,14,7049000,,2018
Brewery 99 LLC,417 Broad St # F,New Bern,NC,28560,4900,Peter,Frey,Owner,2520001111,Brewers (mfrs),312120,,,,,Private,Craven,14,10453000,BREWERY99.COM,2015
Brewery Cursus,135 Thompson St,Asheville,NC,28803,1443,,,,8284125193,Brewers (mfrs),312120,,,,,Private,Buncombe,23,34511000,,2016
Brewmasters Inc,2115 Forest Hills Rd W # C,Wilson,NC,27893,3483,Robert M,Youseff,President,2520001111,Brewers (mfrs),312120,,,,,Private,Wilson,14,10453000,,2014
Brice's Brewing,1822 Garner Station Blvd,Raleigh,NC,27603,3643,,,,9842001803,Brewers (mfrs),312120,,,,,Private,Wake,4,1761000,BRICESBREWING.COM,2016
Brice's Brewing Co,101 Caroline Ct,Clayton,NC,27520,5638,Dana,Bengtson,Owner,9190001111,Brewers (mfrs),312120,,,,,Private,Johnston,14,20909000,,2015
Bright Light Brewing Co,444 W Russell St # 102,Fayetteville,NC,28301,5575,,,,9103390464,Brewers (mfrs),312120,,,,,Private,Cumberland,9,13335000,,2017
Broadslab Distillery LLC,4834 Nc Highway 50 S,Benson,NC,27504,8637,,,,9192071366,Brewers (mfrs),312120,,,,,Private,Johnston,14,20909000,BROADSLABDISTILLERY.COM,2017
Bronze Star Brewery,2690 Nc 87,Fayetteville,NC,28306,,,,,9107235997,Brewers (mfrs),312120,,,,,Private,Cumberland,14,20744000,,2016
Broomtail Craft Brewery,6404 Amsterdam Way,Wilmington,NC,28405,2568,Lisa,Owings,Owner,9102641369,Brewers (mfrs),312120,,,,,Private,New Hanover,14,4434000,BROOMTAILCRAFTBREWERY.COM,2018
Brown Mountain Bottle Works,115 E Union St,Morganton,NC,28655,3447,Kory,Suttles,Owner,8284132678,Brewers (mfrs),312120,,,,,Private,Burke,14,6775000,BROWNMOUNTAINBOTTLEWORKS.COM,2015
Brown Truck Brewery,1234 N Main St,High Point,NC,27262,3118,,,,3368861234,Brewers (mfrs),312120,,,,,Private,Guilford,50,17651000,BROWNTRUCKBREWERY.COM,2016
Brueprint Brewing Co,1229 Perry Rd # 101,Apex,NC,27502,6898,Eric,Wagner,Owner,9193878075,Brewers (mfrs),312120,445310,,,,Private,Wake,4,1761000,BRUEPRINT.COM,2014
Brutopia,1201-A US Highway 70 E,New Bern,NC,28560,6615,Bryan,Conway,Other,2526315142,Brewers (mfrs),312120,,,,,Private,Craven,14,10453000,,2016
Buffalo City Jug Shop,1900 S Croatan Hwy # B,Kill Devil Hills,NC,27948,,,,,2522552347,Brewers (mfrs),312120,722410,445310,,,Private,Dare,14,20672000,BUFFALOCITYBEER.COM,2018
Bull City Burger & Brewery,107 E Parrish St # 105,Durham,NC,27701,3385,Seth,Gross,President,9196802333,Brewers (mfrs),312120,722511,722410,,,Private,Durham,14,4442000,BULLCITYBURGERANDBREWERY.COM,2011
Bull City Ciderworks,599 S Railroad St,Lexington,NC,27292,3318,,,,3367493074,Brewers (mfrs),312120,,,,,Private,Davidson,14,10453000,,2016
Burial Beer Co,40 Collier Ave,Asheville,NC,28801,4024,Douglas S,Reiser,Owner,8284752739,Brewers (mfrs),312120,445310,,,,Private,Buncombe,23,34511000,BURIALBEER.COM,2013
C L T Brewing Co LLC,1001 Elizabeth Ave # 1D,Charlotte,NC,28204,2234,,,,7040001111,Brewers (mfrs),312120,,,,,Private,Mecklenburg,14,7049000,,2017
Carolina Ale House,8695 Concord Mills Blvd,Concord,NC,28027,5400,,,,9802257429,Brewers (mfrs),312120,722511,,,,Private,Cabarrus,14,21361000,CAROLINAALEHOUSE.COM,2013
Carolina Beverage Group LLC,110 Barley Park Ln,Mooresville,NC,28115,7912,J Michael,Smith,CEO,7047992337,Brewers (mfrs),312120,445310,,,,Private,Iredell,250,,CAROLINABEVERAGEGROUP.COM,1997
Carolina Brewery & Grill,120 Lowes Dr # 100,Pittsboro,NC,27312,8872,Robert,Poitres,Owner,9195452330,Brewers (mfrs),312120,722511,722410,,,Private,Chatham,14,17220000,CAROLINABREWERY.COM,1995
Carolina Brewing Co,140 Thomas Mill Rd,Holly Springs,NC,27540,9372,Mark,Heath,Owner,9195572337,Brewers (mfrs),312120,445310,,,,Private,Wake,4,1761000,CAROLINABREW.COM,2001
Carolina Western Saloon,715 Clemmonsville Cir,Winston Salem,NC,27107,4101,Mickie,Crowder,Owner,3367845534,Brewers (mfrs),312120,722410,,,,Private,Forsyth,2,839000,,1984
Carolinian,501-A Hugo St,Durham,NC,27704,,Logan,Cason,Owner,7046096192,Brewers (mfrs),312120,,,,,Private,Durham,1,318000,,2018
Catawba Brewing,32 Banks Ave,Asheville,NC,28801,4070,Shelton,Steele,Manager,8285523934,Brewers (mfrs),312120,,,,,Private,Buncombe,16,24008000,CATAWBABREWING.COM,1999
Catawba Valley Brewing Co,212 S Green St,Morganton,NC,28655,3525,Jetta M,Pyatt,President,8284306883,Brewers (mfrs),312120,445310,,,,Private,Burke,14,6775000,CATAWBABREWING.COM,1999
Catawba Valley Brewing Co,933 Louise Ave # 105,Charlotte,NC,28204,2299,,,,8285278097,Brewers (mfrs),312120,,,,,Private,Mecklenburg,14,7049000,,2017
Cavendish Brewing Co LLC,207 N Chester St,Gastonia,NC,28052,2234,Scott,Cavendish,Owner,7040001111,Brewers (mfrs),312120,,,,,Private,Gaston,14,20830000,,2015
Check Six Brewing Co,5130 Southport Supply Rd SE,Southport,NC,28461,9261,Noah,Goldman,CEO,9104779280,Brewers (mfrs),312120,,,,,Private,Brunswick,14,10453000,CHECKSIXBEER.COM,2015
Clouds Brewing,1233 Front St # E,Raleigh,NC,27609,7534,,,,5046694514,Brewers (mfrs),312120,,,,,Private,Wake,4,1761000,,2017
Cody's III,6485 Carolina Beach Rd,Wilmington,NC,28412,2909,,,,9103977700,Brewers (mfrs),312120,722511,,,,Private,New Hanover,14,4434000,,2012
Compass Rose Brewery,3201 Northside Dr # 101,Raleigh,NC,27615,4242,Justin,Mcconkey,General Mgr,9198755683,Brewers (mfrs),312120,,,,,Private,Wake,4,1761000,COMPASSROSEBREWERY.COM,2015
Concord Mills Ale House LLC,6510 Chapel Hill Rd # 200,Raleigh,NC,27607,5010,Amber,Moshakos,Manager,9190001111,Brewers (mfrs),312120,,,,,Private,Wake,4,1761000,,2014
Courtyard Hooligans,140 Brevard Ct,Charlotte,NC,28202,1927,,,,7043328882,Brewers (mfrs),312120,722410,,,,Private,Mecklenburg,14,7049000,360CHARLOTTE.COM,2007
Crafty Beer Shop,2003 Fairview Rd,Raleigh,NC,27608,2354,Wendy,Harris,Owner,9196153008,Brewers (mfrs),312120,445310,445310,,,Private,Wake,4,1761000,CRAFTYBEERSHOP.COM,2013
Crank Arm Brewing,319 W Davie St,Raleigh,NC,27601,1718,Adam,Eckhardt,Owner,9199770050,Brewers (mfrs),312120,445310,445310,,,Private,Wake,4,1761000,CRANKARMBREWING.COM,2013
Crystal Coast Brewing Co,702 Arendell St,Morehead City,NC,28557,4234,,,,2527730974,Brewers (mfrs),312120,,,,,Private,Carteret,14,18596000,,2017
Crystal Coast Brewing Co,219 W Fort Macon Rd,Atlantic Beach,NC,28512,5303,,,,7044513618,Brewers (mfrs),312120,,,,,Private,Carteret,14,18596000,,2018
Crystal Coast Brewing Co LLC,307 Kimberly Rd,Davidson,NC,28036,8554,Charles,Poppe,Other,7040001111,Brewers (mfrs),312120,,,,,Private,Mecklenburg,14,7049000,,2016
D9 Brewing Co,11138 Treynorth Dr # C,Cornelius,NC,28031,8186,Andrew,Durstewitz,CEO,7044579368,Brewers (mfrs),312120,445310,,,,Private,Mecklenburg,30,15105000,D9BREWING.COM,2014
Deep River Brewery,700 W Main St # 102,Clayton,NC,27520,1657,Paul,Auclair,Other,9195852296,Brewers (mfrs),312120,445310,,,,Private,Johnston,14,20909000,DEEPRIVERBREWING.COM,2013
Devils Krafthouse,406 Chapel Dr # 070,Durham,NC,27708,9984,,,,9196818888,Brewers (mfrs),312120,,,,,Private,Durham,14,4442000,,2017
District 9 Brewing Co LLC,11138 Treynorth Dr # C,Cornelius,NC,28031,8186,John,Ashcraft Jr,Other,9802136460,Brewers (mfrs),312120,,,,,Private,Mecklenburg,14,7049000,FANATICALALES.COM,2015
Double Barley Brewing,3174 US Highway 70 W,Smithfield,NC,27577,7613,Larry,Lane,Owner,9199345069,Brewers (mfrs),312120,722511,445310,,,Private,Johnston,14,20909000,DOUBLEBARLEYBREWING.COM,2014
Dragon Moonshine Co,516 E 15th St # 14B,Charlotte,NC,28206,3490,Teresa,Spicer,Manager,7046072453,Brewers (mfrs),312120,,,,,Private,Mecklenburg,14,7049000,DRAGONMOONSHINE.COM,2017
Dreamweaver's Brewery,115 E North Main St,Waxhaw,NC,28173,6029,,,,7048437326,Brewers (mfrs),312120,445299,,,,Private,Union,14,10453000,DREAMWEAVERSBREWERY.COM,2015
Dry Falls Brewing Co,425 Kanuga Rd,Hendersonville,NC,28739,5223,Jeff,Golliher,Partner,8286960660,Brewers (mfrs),312120,,,,,Private,Henderson,5,7391000,DRYFALLSBREWING.COM,2018
Dubbel Barrel Brewing Inc,3174 US Highway 70 W,Smithfield,NC,27577,7613,,,,9199343433,Brewers (mfrs),312120,,,,,Private,Johnston,14,20909000,DOUBLEBARLEYBREWING.COM,2014
Duck Rabbit Craft Brewery,4519 West Pine St,Farmville,NC,27828,8526,Paul,Philippon,Owner,2527537745,Brewers (mfrs),312120,,,,,Private,Pitt,2,2918000,DUCKRABBITBREWERY.COM,2001
Durty Bull Brewing Co,206 Broadway St # 104,Durham,NC,27701,2296,Matt,Pennisi,Manager,9196882337,Brewers (mfrs),312120,,,,,Private,Durham,7,2221000,DURTYBULL.COM,2016
Ecusta Brewing Co,49 Pisgah Hwy # 3,Pisgah Forest,NC,28768,8819,Josh,Chambers,Owner,8289662337,Brewers (mfrs),312120,,,,,Private,Transylvania,7,8493000,ECUSTABREWING.COM,2016
Eluvium Brewing Co,11 Florida Ave,Weaverville,NC,28787,8438,,,,8284841799,Brewers (mfrs),312120,,,,,Private,Buncombe,23,34511000,ELUVIUMBREWING.COM,2017
Fermented Nonsense Brewing LLC,100 Julian Shoals Dr # 40,Arden,NC,28704,970,Joshua R,Austin,Manager,8280001111,Brewers (mfrs),312120,,,,,Private,Buncombe,23,34511000,,2018
Fiddlin Fish Brewing Co,772 N Trade St,Winston Salem,NC,27101,1431,,,,3369998945,Brewers (mfrs),312120,,,,,Private,Forsyth,14,5870000,FIDDLINFISH.COM,2017
Fishtowne Brew House,133-B Turner St,Beaufort,NC,28516,,,,,2522409252,Brewers (mfrs),312120,,,,,Private,Carteret,14,,,2019
Flat Rock Cider Works,305 N Main St,Hendersonville,NC,28792,4902,,,,8286984688,Brewers (mfrs),312120,,,,,Private,Henderson,14,20693000,FLATROCKCW.WPENGINE.COM,2016
Flat Top Brewing Co,567 Main St E,Banner Elk,NC,28604,8974,Nathan,Paris,Manager,8288988677,Brewers (mfrs),312120,445310,,,,Private,Avery,14,16467000,,2013
Flytrap Brewing,319 Walnut St,Wilmington,NC,28401,4051,Michael,Barlas,Owner,9102312451,Brewers (mfrs),312120,,,,,Private,New Hanover,14,4434000,FLYTRAPBREWING.COM,2015
Foggy Mountain Brew Pub,12 Church St,Asheville,NC,28801,3362,,,,8282543008,Brewers (mfrs),312120,512131,,,,Private,Buncombe,23,34511000,FOGGYMOUNTAINAVL.COM,2013
Fonta Flora Brewery,317 N Green St,Morganton,NC,28655,3324,Mark,Bennett,Manager,8284750153,Brewers (mfrs),312120,,,,,Private,Burke,14,6775000,FONTAFLORA.COM,2013
Foothills Brewing,3800 Kimwell Dr,Winston Salem,NC,27103,6708,James,Bartholomaus,Owner,3369979484,Brewers (mfrs),312120,424820,722511,453998,,Private,Forsyth,14,5870000,FOOTHILLSBREWING.COM,2011
Fortnight Brewing Co,1006 SW Maynard Rd,Cary,NC,27511,4385,,,,9193426604,Brewers (mfrs),312120,,,,,Private,Wake,4,1761000,FORTNIGHTBREWING.COM,1982
Four Saints Brewing Co,218 S Fayetteville St,Asheboro,NC,27203,5725,Joel,Mc Closky,Owner,3366103722,Brewers (mfrs),312120,,,,,Private,Randolph,2,1494000,FOURSAINTSBREWING.COM,2015
Free Range Brewing,2320 N Davidson St # D,Charlotte,NC,28205,1832,Steven J,Alexander,Other,9802019096,Brewers (mfrs),312120,,,,,Private,Mecklenburg,14,7049000,,2015
Freemans Pub,173 W Main Ave,Gastonia,NC,28052,4154,Bradford,Freeman,CEO,7046714782,Brewers (mfrs),312120,722511,722410,,,Private,Gaston,14,20830000,GREYREVELL.COM,2009
French Broad Brewing,101 Fairview Rd # D,Asheville,NC,28803,4301,Andrew,Dahm,President,8282770222,Brewers (mfrs),312120,445310,,,,Private,Buncombe,6,9003000,FRENCHBROADBREWERY.COM,2001
Frog Level Brewing Co,56 Commerce St,Waynesville,NC,28786,5738,Clark,Williams,Owner,8284545664,Brewers (mfrs),312120,445310,,,,Private,Haywood,2,2802000,FROGLEVELBREWING.COM,2012
Front Street Brewery,9 N Front St,Wilmington,NC,28401,4436,Tom,Harris,Owner,9107694085,Brewers (mfrs),312120,722511,722320,722410,454110,Private,New Hanover,65,20584000,FRONTSTREETBREWERY.COM,2007
Full Moon Cafe & Brewery,208 Queen Elizabeth Ave,Manteo,NC,27954,,Sharon,Enoch,Owner,2524736666,Brewers (mfrs),312120,722511,722514,,,Private,Dare,10,14766000,LOSTCOLONYBREWERY.COM,1996
Fullsteam Brewery,726 Rigsbee Ave,Durham,NC,27701,2139,Sean,Wilson,Owner,9196822337,Brewers (mfrs),312120,722511,722410,,,Private,Durham,30,9519000,FULLSTEAM.AG,2010
Garden Girl Mead,86 Northeast Dr,Gates,NC,27937,9681,,,,7577687614,Brewers (mfrs),312120,,,,,Private,Gates,14,10453000,,2018
Gate City Growlers LLC,1724 Battleground Ave # 103,Greensboro,NC,27408,7915,Daniel,Leonard,Other,3367639746,Brewers (mfrs),312120,,,,,Private,Guilford,50,17651000,GATECITYGROWLERS.COM,2015
Gateway Brew,211 S Battleground Ave,Kings Mountain,NC,28086,3403,,,,7047506252,Brewers (mfrs),312120,722515,,,,Private,Cleveland,14,10453000,,2016
Ghostface Brewing,427 E Statesville Ave,Mooresville,NC,28115,2593,Michael,Cuddy,Owner,7047997433,Brewers (mfrs),312120,,,,,Private,Iredell,14,19697000,GHOSTFACEBREWING.COM,2016
Gibb's Hundred Brewery Co,117 W Lewis St,Greensboro,NC,27406,1343,Mark,Gibb,President,3367637087,Brewers (mfrs),312120,722410,,,,Private,Guilford,50,17651000,GIBBSHUNDRED.COM,2014
Gibbs Hundred Brewing Co,504 State St,Greensboro,NC,27405,5659,,,,3367637087,Brewers (mfrs),312120,,,,,Private,Guilford,7,2472000,GIBBSHUNDRED.COM,2018
Gizmo Brew Works,5907 Triangle Dr,Raleigh,NC,27617,4742,Ryan,Roth,Owner,9197822099,Brewers (mfrs),312120,445310,,,,Private,Wake,4,1761000,GIZMOBREWWORKS.COM,2013
Granite Falls Brewing Co,47 Duke St,Granite Falls,NC,28630,1807,Mario S,Mastro,President,8282121222,Brewers (mfrs),312120,722511,,,,Private,Caldwell,14,18950000,GRANITEFALLSBREWING.COM,2013
Green Man Brewery,27 Buxton Ave,Asheville,NC,28801,4019,John,Stuart,Manager,8282525502,Brewers (mfrs),312120,424810,445310,,,Private,Buncombe,5,7503000,GREENMANBREWERY.COM,1997
Greenshields Brewing Co,1255 Crescent Green # 105,Cary,NC,27518,8124,,,,9190001111,Brewers (mfrs),312120,,,,,Private,Wake,4,1761000,,2015
Habitat Brewing,174 Broadway St,Asheville,NC,28801,2305,Jennifer,Addis,Other,8284125470,Brewers (mfrs),312120,,,,,Private,Buncombe,23,34511000,,2016
Habitat Brewing Co LLC,21 Fulton St,Asheville,NC,28801,1806,Donald M,Addis,Owner,8280001111,Brewers (mfrs),312120,,,,,Private,Buncombe,23,34511000,,2015
Hayesville Brewing Co,1568 Highway 64 W,Hayesville,NC,28904,4651,,,,8288356010,Brewers (mfrs),312120,,,,,Private,Clay,14,10453000,,2018
Hayesville Brewing Co,516 Tusquittee St,Hayesville,NC,28904,,,,,8288356010,Brewers (mfrs),312120,,,,,Private,Clay,14,,,2019
Hero's Pub,7440 Six Forks Rd,Raleigh,NC,27615,5100,,,,9197065150,Brewers (mfrs),312120,,,,,Private,Wake,4,1761000,HEROSPUBRALEIGH.COM,2015
Hi-Wire Brewing,197 Hilliard Ave,Asheville,NC,28801,3616,Chris,Lutkowski,Director,8285759675,Brewers (mfrs),312120,445310,,,,Private,Buncombe,23,34511000,HIWIREBREWING.COM,2013
Hi-Wire Brewing,2 Huntsman Pl,Asheville,NC,28803,2600,,,,8285523349,Brewers (mfrs),312120,541614,,,,Private,Buncombe,23,34511000,,2015
Hickory Nut Gorge Craft Brwry,461 Main Street,Asheville,NC,28803,,,,,8287718330,Brewers (mfrs),312120,,,,,Private,Buncombe,23,34511000,,2017
High Point Brewing Inc,615 Greensboro Rd,High Point,NC,27260,2649,,,,3360001111,Brewers (mfrs),312120,,,,,Private,Guilford,50,17651000,,2015
Highland Brewing Co,12 Old Charlotte Hwy # H,Asheville,NC,28803,9419,Oscar,Wong,Owner,8282993370,Brewers (mfrs),312120,445310,,,,Private,Buncombe,40,60019000,HIGHLANDBREWING.COM,2006
Homecrafted,101 Tradition Trl,Holly Springs,NC,27540,7045,Daniel Adam,Reinhard,Other,9197627600,Brewers (mfrs),312120,,,,,Private,Wake,4,1761000,,2016
Homeplace Beer Co,6 S Main St,Burnsville,NC,28714,2929,,,,8285365147,Brewers (mfrs),312120,722410,722410,,,Private,Yancey,14,10453000,HOMEPLACEBEER.COM,2017
Hope Valley Brewing Co,4810 Hope Valley Rd,Durham,NC,27707,6631,Kyle,Crane,Manager,9192944955,Brewers (mfrs),312120,,,,,Private,Durham,14,4442000,HOPEVALLEYBREWINGCOMPANY.COM,2016
Hopfly Brewing Co,1147 Falls Rd # 121,Rocky Mount,NC,27804,4407,,,,9199494992,Brewers (mfrs),312120,,,,,Private,Nash,14,10453000,,2018
Hoppy Trout Brewing Co LLC,911 Main St,Andrews,NC,28901,7087,Thomas,Rodeck,Owner,8280001111,Brewers (mfrs),312120,,,,,Private,Cherokee,14,17916000,,2015
Howard Brewing,1001 West Ave NW,Lenoir,NC,28645,5126,Jason,Howard,Owner,8285724449,Brewers (mfrs),312120,445310,,,,Private,Caldwell,7,9475000,HOWARDBREWING.COM,2012
Howard Brewing Co,1049 19th Avenue Pl NW,Hickory,NC,28601,1721,,,,8280001111,Brewers (mfrs),312120,,,,,Private,Catawba,14,21563000,,2014
Huske Hardware House Rstrnt,405 Hay St,Fayetteville,NC,28301,5537,Donna,Stevenson,Manager,9104379905,Brewers (mfrs),312120,722511,,,,Private,Cumberland,14,20744000,HUSKEHARDWARE.COM,2008
Hyde Brewing LLC,106 Foster Ave,Charlotte,NC,28203,5420,Glen D,Cherry,Manager,7040001111,Brewers (mfrs),312120,,,,,Private,Mecklenburg,14,7049000,,2016
Innovation Brewing,414 W Main St,Sylva,NC,28779,5548,Nicole M,Dexter,Other,8285869678,Brewers (mfrs),312120,445310,,,,Private,Jackson,14,19223000,INNOVATION-BREWING.COM,2013
Innovation Brewing,119 Front Street,Dillsboro,NC,28725,,,,,8285869678,Brewers (mfrs),312120,,,,,Private,Jackson,14,19223000,,2018
Ironclad Brewery,115 N 2nd St,Wilmington,NC,28401,3936,Theodore J,Coughlin,CEO,9107690290,Brewers (mfrs),312120,,,,,Private,New Hanover,14,4434000,IRONCLADBREWERY.COM,2015
Jordan Lake Brewing Co,320 E Durham Rd,Cary,NC,27513,4043,Horace C,Carter III,Other,9196945096,Brewers (mfrs),312120,,,,,Private,Wake,4,1761000,JORDANLAKEBREWINGCOMPANY.COM,2015
Joymongers Brewing Co,576 N Eugene St,Greensboro,NC,27401,,Mike,Rollinson,Owner,3367635255,Brewers (mfrs),312120,,,,,Private,Guilford,18,6355000,JOYMONGERS.COM,2016
Jugghead,4843 Country Club Rd,Winston Salem,NC,27104,4503,Benjamin,Pritchard,Owner,3365467754,Brewers (mfrs),312120,,,,,Private,Forsyth,14,5870000,JUGGHEADSGROWLERS.COM,2015
Justice Brewing LLC,337 White Pine Dr,Fletcher,NC,28732,9717,Joseph,Justice,Owner,8280001111,Brewers (mfrs),312120,,,,,Private,Buncombe,14,21007000,,2015
Kernersville Brewing Co,210 N Main St # 150,Kernersville,NC,27284,4003,Kimberly D,Lauten,Other,3368167283,Brewers (mfrs),312120,,,,,Private,Forsyth,14,5870000,,2017
Koi Pond Brewing Co,1107 Falls Rd,Rocky Mount,NC,27804,4407,Mary S,Ghiloni,Other,2522311660,Brewers (mfrs),312120,,,,,Private,Nash,14,10453000,,2017
Koolabrew LLC,44 Red Bug Rd SW,Shallotte,NC,28470,5943,Melody B,Bellamy,Owner,9105796711,Brewers (mfrs),312120,323113,,,,Private,Brunswick,14,10453000,,2015
Lake Gaston Brewing Co,124 Hay St,Fayetteville,NC,28301,5650,,,,9100001111,Brewers (mfrs),312120,,,,,Private,Cumberland,14,20744000,,2017
Laughing Water Brewing Co LLC,1202 Curtis Bridge Rd,Wilkesboro,NC,28697,2238,Seth M,Hewitt,Owner,3360001111,Brewers (mfrs),312120,,,,,Private,Wilkes,14,10453000,,2016
Lazy Hiker Brewing Co,188 W Main St,Franklin,NC,28734,2949,Thomas K,Jenkins,Other,8283492337,Brewers (mfrs),312120,312120,312120,722410,,Private,Macon,14,18651000,LAZYHIKERBREWING.COM,2014
Legion Brewing,1906 Commonwealth Ave,Charlotte,NC,28205,5020,Philip C,Buchy IV,Manager,8444675683,Brewers (mfrs),312120,,,,,Private,Mecklenburg,14,7049000,LEGIONBREWING.COM,2015
Lenny Boy Brewing Co,3000 S Tryon St,Charlotte,NC,28217,1342,Townes,Mozer,Owner,9805851728,Brewers (mfrs),312120,,,,,Private,Mecklenburg,8,4028000,DISCOVERLENNYBOY.COM,2015
Lexington Avenue Brewery,19 Rankin Ave,Asheville,NC,28801,2804,Mike,Healey,Owner,8282520212,Brewers (mfrs),312120,722511,722410,,,Private,Buncombe,23,34511000,LEXAVEBREW.COM,2009
Lincoln Brewing Co,2912 N Main St # 100,Fuquay Varina,NC,27526,5499,,,,9190001111,Brewers (mfrs),312120,,,,,Private,Wake,4,1761000,,2016
Little Brother Brewing,348 S Elm St,Greensboro,NC,27401,2606,,,,3364023743,Brewers (mfrs),312120,,,,,Private,Guilford,50,17651000,,2018
Little City Brewing-Provisions,400 W North St # 120,Raleigh,NC,27603,1570,,,,9190001111,Brewers (mfrs),312120,,,,,Private,Wake,4,1761000,,2017
Local Minded Brewing LLC,222 E Main St # U6,Elkin,NC,28621,3492,Cicely,Mcculloch,Owner,3360001111,Brewers (mfrs),312120,,,,,Private,Surry,14,19423000,ANGRYTROLLBREWING.COM,2015
Loe's Brewing Co,1048 Harper Ave NW,Lenoir,NC,28645,5085,Stephen,Loe,President,8287543652,Brewers (mfrs),312120,,,,,Private,Caldwell,14,18950000,LOESBREWING.COM,2010
Loft Cafe & Pub,111 Joel Wright Dr,Hendersonville,NC,28792,5766,,,,8285959997,Brewers (mfrs),312120,,,,,Private,Henderson,14,20693000,THELOFTCAFEANDPUB.COM,2016
Lonerider Brewing Co,8816 Gulf Ct # 100,Raleigh,NC,27617,4628,Sumit,Vohra,CEO,9194428004,Brewers (mfrs),312120,722410,,,,Private,Wake,4,1761000,LONERIDERBEER.COM,2009
Lookout Brewing Co,103 S Ridgeway Ave,Black Mountain,NC,28711,3550,John A,Garcia Jr,President,8283575169,Brewers (mfrs),312120,445310,,,,Private,Buncombe,23,34511000,LOOKOUTBREWING.COM,2013
Lynnwood Brewing Inc,1053 E Whitaker Mill Rd # 101,Raleigh,NC,27604,5305,Wenda E,Archer,Owner,9194247533,Brewers (mfrs),312120,445310,,,,Private,Wake,4,1761000,LYNNWOODBREWING.BEER,2015
Mad Co Brewing,45 N Main St,Marshall,NC,28753,40,,,,8286498600,Brewers (mfrs),312120,,,,,Private,Madison,14,10453000,,2016
Mad Mole Brewing,6309 Boathouse Rd # 300,Wilmington,NC,28403,3660,,,,9108598115,Brewers (mfrs),312120,,,,,Private,New Hanover,14,4434000,WILMINGTONALETRAIL.COM,2018
Makai Brewing Co LLC,5850 Ocean Hwy W,Ocean Isle Beach,NC,28469,3510,Lowell E,Puckett Jr,Owner,9100001111,Brewers (mfrs),312120,,,,,Private,Brunswick,14,10453000,,2016
Mill Whistle Brewing,1354 Lennoxville Rd,Beaufort,NC,28516,,,,,2527270994,Brewers (mfrs),312120,,,,,Private,Carteret,14,18596000,,2015
Moo & Brew,1300 Central Ave,Charlotte,NC,28205,5010,,,,9805854148,Brewers (mfrs),312120,,,,,Private,Mecklenburg,14,7049000,MOOANDBREW.COM,2016
Morgan Ridge Railwalk Eatery,421 N Lee St,Salisbury,NC,28144,4424,Amie,Baudoin,Owner,7047548379,Brewers (mfrs),312120,722511,,,,Private,Rowan,25,18666000,MORGANRIDGERAILWALK.COM,2017
Mystery Brewing Co,620 Valley Forge Rd # C,Hillsborough,NC,27278,8567,,,,9190001111,Brewers (mfrs),312120,,,,,Private,Orange,14,21819000,MYSTERYBREWING.COM,2015
Mystery Brewing Co,437 Dimmocks Mill Rd # 41,Hillsborough,NC,27278,2379,Sebastian,Lindsay,Director,9196443283,Brewers (mfrs),312120,454110,,,,Private,Orange,14,21819000,MYSTERYBREWING.COM,2010
Nantahala Brewing,747 Haywood Rd,Asheville,NC,28806,3131,,,,8284882337,Brewers (mfrs),312120,,,,,Private,Buncombe,23,34511000,NANTAHALABREWING.COM,2018
Nantahala Brewing Co,234 Deep Creek Rd,Bryson City,NC,28713,7818,,,,8287886185,Brewers (mfrs),312120,,,,,Private,Swain,14,21388000,,2017
Nantahala Brewing Co,61 Depot St,Bryson City,NC,28713,,Joe,Rowland,Partner,8284882337,Brewers (mfrs),312120,445310,,,,Private,Swain,14,21388000,NANTAHALABREWING.COM,2009
Natty Greene's Brewing Co,1918 W Lee St,Greensboro,NC,27403,,Daniel,Craft,Other,3368566111,Brewers (mfrs),312120,424490,445310,,,Private,Guilford,51,18004000,NATTYGREENES.COM,2004
Natty Greene's Pub & Brewing,345 S Elm St,Greensboro,NC,27401,2603,Sue,Nelson,General Mgr,3362741373,Brewers (mfrs),312120,722511,722410,,,Private,Guilford,50,17651000,NATTYGREENES.COM,2004
New Anthem Brewery,116 Dock St,Wilmington,NC,28401,4433,,,,9103994683,Brewers (mfrs),312120,,,,,Private,New Hanover,14,4434000,,2016
New Belgium Brewing Co,144 Jacob Holme Way,Candler,NC,28715,209,,,,8286330352,Brewers (mfrs),312120,,,,,Private,Buncombe,23,34511000,,2015
New Belgium Brewing Co,91 Craven St,Asheville,NC,28806,4609,,,,8283336900,Brewers (mfrs),312120,,,,,Private,Buncombe,23,34511000,NEWBELGIUM.COM,2015
New Sarum Brewing Co,109 N Lee St,Salisbury,NC,28144,5033,Andrew J,Maben,Manager,7048306577,Brewers (mfrs),312120,,,,,Private,Rowan,14,10453000,,2016
Nickelpoint Brewery,506 Pershing Rd,Raleigh,NC,27608,2624,Matt,Corregan,Director,9199165961,Brewers (mfrs),312120,,,,,Private,Wake,4,1761000,NICKELPOINTBREWING.COM,2014
Noble Cider,363 New Leicester Hwy,Asheville,NC,28806,,Meda,Thurston,Owner,8285759622,Brewers (mfrs),312120,,,,,Private,Buncombe,23,34511000,NOBLECIDER.COM,2015
Nocturnal Brewing Co,893 Highway 64 Business,Hayesville,NC,28904,4969,,,,8284120975,Brewers (mfrs),312120,,,,,Private,Clay,14,,,2019
Noda Brewing Co,2921 N Tryon St,Charlotte,NC,28206,2762,David,Gonzalez,Director,7049006851,Brewers (mfrs),312120,424490,722410,445310,,Private,Mecklenburg,14,7049000,NODABREWING.COM,2012
Northern Outer Banks Brewing,520 Old Stoney Rd # J,Corolla,NC,27927,2215,Kathleen,Mccubbins,President,2522071890,Brewers (mfrs),312120,,,,,Private,Currituck,2,2828000,,2017
Oaklyn Springs Brewery Inc,2229 Wade Nash Rd,Holly Springs,NC,27540,4421,Jeffrey D,Conley,Owner,9190001111,Brewers (mfrs),312120,,,,,Private,Wake,4,1761000,,2016
Old Town Public House,21314 Catawba Ave,Cornelius,NC,28031,8505,,,,9802315191,Brewers (mfrs),312120,,,,,Private,Mecklenburg,14,7049000,,2015
Olde Dallas Brewery LLC,136 Durkee Ln,Dallas,NC,28034,9793,Christopher,Cloninger,Other,7040001111,Brewers (mfrs),312120,,,,,Private,Gaston,14,20830000,,2015
Olde Hickory Brewery,2 3rd St SW,Hickory,NC,28602,2941,Nikol,Weest,Manager,8283221422,Brewers (mfrs),312120,424810,,,,Private,Catawba,15,23103000,OLDEHICKORYBREWERY.COM,2003
Olde Mecklenburg Brewery,4150 Yancey Rd,Charlotte,NC,28217,1738,John,Marrino,Owner,7045255644,Brewers (mfrs),312120,445310,445310,,,Private,Mecklenburg,40,20140000,OLDEMECKBREW.COM,2011
One World Brewing,10 Patton Ave # 2,Asheville,NC,28801,3302,Anthony,Dorage,Partner,5102958438,Brewers (mfrs),312120,,,,,Private,Buncombe,23,34511000,ONEWORLDBREWING.COM,2016
One World Brewing LLC,520 Haywood Rd,Asheville,NC,28806,3555,Lindsay,Andrasik,Manager,8285759992,Brewers (mfrs),312120,722511,,,,Private,Buncombe,23,34511000,ONEWORLDBREWING.COM,2017
Oskar Blues Brewery,342 Mountain Industrial Dr,Brevard,NC,28712,5122,Dale,Katechis,Owner,8288832337,Brewers (mfrs),312120,722511,445310,,,Private,Transylvania,25,30333000,OSKARBLUES.COM,2011
Oyster House Brewing Co,625 Haywood Rd,Asheville,NC,28806,3255,,,,8285759370,Brewers (mfrs),312120,722511,,,,Private,Buncombe,23,34511000,OYSTERHOUSEBEERS.COM,2013
Panacea Brewing Co,102 Old Eastwood Rd # A5,Wilmington,NC,28403,512,,,,9104441697,Brewers (mfrs),312120,,,,,Private,New Hanover,14,4434000,,2018
Papertown Brew & Que,Sorrells St Park,Canton,NC,28716,,,,,8287343706,Brewers (mfrs),312120,,,,,Private,Haywood,14,19614000,PAPERTOWNBREW.COM,2016
Pelagic Brewing Co,300 Pace St,Raleigh,NC,27604,1209,Tareq,Adham,Other,9197065955,Brewers (mfrs),312120,,,,,Private,Wake,4,1761000,PELAGICBEERANDWINE.COM,2015
Pellicle Brewing Co LLC,713 E Maple Ln,Fuquay Varina,NC,27526,5125,Patrick,Keegan,Owner,9190001111,Brewers (mfrs),312120,,,,,Private,Wake,4,1761000,,2015
Pellicle Brewing Co LLC,4913 S Alston Ave,Durham,NC,27713,4424,,,,9190001111,Brewers (mfrs),312120,,,,,Private,Durham,14,4442000,,2017
Pilot Brewing Co LLC,505 E 6th St # 1006,Charlotte,NC,28202,3140,Jeffrey T,Hudson,Owner,7040001111,Brewers (mfrs),312120,,,,,Private,Mecklenburg,14,7049000,,2016
Pisgah Brewing Co,140 Eastside Dr,Black Mountain,NC,28711,8208,David,Quinn,President,8286690190,Brewers (mfrs),312120,424810,722410,445310,,Private,Buncombe,23,34511000,PISGAHBREWING.COM,2005
Pizza Shop/Dry County Brewing,585 Oak Ave,Spruce Pine,NC,28777,2727,Jennifer,Rambo,Owner,8287654583,Brewers (mfrs),312120,722511,722511,,,Private,Mitchell,7,7600000,DRYCOUNTYBREWING.COM,2009
Ponysaurus Brewing,1101 W Chapel Hill St,Durham,NC,27701,3027,Keil,Jansen,Manager,9784827701,Brewers (mfrs),312120,,,,,Private,Durham,14,4442000,PONYSAURUSBREWING.COM,2014
Ponysaurus Brewing LLC,219 Hood St,Durham,NC,27701,3715,Nick,Johnson,President,9190001111,Brewers (mfrs),312120,,,,,Private,Durham,14,4442000,PONYSAURUSBREWING.COM,2015
Prestige Brewing Inc,509 Castle St,Wilmington,NC,28401,5257,,,,9100001111,Brewers (mfrs),312120,,,,,Private,New Hanover,14,4434000,,2017
Preyer Brewing Co LLC,600 Battleground Ave,Greensboro,NC,27401,2015,David,Clemmons,Manager,3360001111,Brewers (mfrs),312120,,,,,Private,Guilford,50,17651000,,2015
Railhouse Brewery,105 E South St,Aberdeen,NC,28315,,Mark,Wathen,Vice President,9107570460,Brewers (mfrs),312120,722511,445310,,,Private,Moore,14,20991000,RAILHOUSEBREWERY.COM,2010
Red Hill Brewing Co,21 Union St S,Concord,NC,28025,5009,,,,7047842337,Brewers (mfrs),312120,,,,,Private,Cabarrus,14,21361000,,2016
Red Oak Brewery,6901 Konica Dr,Whitsett,NC,27377,9787,Bill,Sherrill,CEO,3364472055,Brewers (mfrs),312120,445310,,,,Private,Guilford,50,17651000,REDOAKBREWERY.COM,1991
Resident Culture Brewing Co,2101 Central Ave,Charlotte,NC,28205,5203,,,,7040001111,Brewers (mfrs),312120,,,,,Private,Mecklenburg,14,7049000,RESIDENTCULTUREBREWING.COM,2016
Rivermen Brewing Co LLC,52 Ervin St,Belmont,NC,28012,3327,Jim,Dandro,Owner,7040001111,Brewers (mfrs),312120,,,,,Private,Gaston,14,20830000,RIVERMENBREWINGCOMPANY.COM,2017
Salud Cerveceria,3306-C N Davidson St,Charlotte,NC,28205,,,,,9804956612,Brewers (mfrs),312120,722410,722410,722410,,Private,Mecklenburg,14,7049000,SALUDCERVECERIA.COM,2017
Sanctuary Brewing Co,147 1st Ave E,Hendersonville,NC,28792,5191,Lisa Marie,Mcdonald,CEO,8285959956,Brewers (mfrs),312120,,,,,Private,Henderson,14,20693000,SANCTUARYBREWCO.COM,2016
Sapphire Mountain Brewing Co,50 Slicers Ave,Sapphire,NC,28774,9405,Craig,Shatto,Owner,8287430220,Brewers (mfrs),312120,722511,,,,Private,Jackson,40,54923000,SAPPHIREMOUNTAINBREWINGCOMPANY.COM,1888
Shellback Brewing Inc,4327 Thermal Ave,Midland,NC,28107,9393,James E,Mac Monagle,Owner,7040001111,Brewers (mfrs),312120,,,,,Private,Cabarrus,14,21361000,,2016
Shortway Brewing Co,228 Chatham St # 230,Newport,NC,28570,8515,Matt,Shortway,Owner,2527773065,Brewers (mfrs),312120,,,,,Private,Carteret,8,10626000,SHORTWAYBREWING.COM,2018
Shortway Brewing Co LLC,201 Speight St,Havelock,NC,28532,2427,Matthew H,Shortway,Owner,2520001111,Brewers (mfrs),312120,,,,,Private,Craven,14,10453000,,2016
Sierra Nevada Brewing Co,100 Sierra Nevada Way,Mills River,NC,28732,8608,Liz,Huber,Manager,5306240576,Brewers (mfrs),312120,,,,,Private,Henderson,14,20693000,SIERRANEVADA.COM,2017
Skull Camp Brewing,1980 N Bridge St,Elkin,NC,28621,2106,,,,3362588124,Brewers (mfrs),312120,,,,,Private,Surry,14,19423000,SKULLCAMPBREWING.COM,2014
Southern Appalachian Brewery,822 Locust St # 100,Hendersonville,NC,28792,3758,James C,Cubbin,Other,8286841235,Brewers (mfrs),312120,445310,,,,Private,Henderson,14,20693000,SABREWERY.COM,2006
Southern Peak Brewery,950 Windy Rd # 100,Apex,NC,27502,2410,,,,9196230827,Brewers (mfrs),312120,,,,,Private,Wake,4,1761000,SOUTHERNPEAKBREWERY.COM,2016
Southern Range Brewing,151 S Stewart St,Monroe,NC,28112,,Dustin,Gatliff,Owner,7042894049,Brewers (mfrs),312120,,,,,Private,Union,14,10453000,SOUTHERNRANGEBREWING.COM,2016
Specialty Products Intl Ltd,376 Tenney Cir,Chapel Hill,NC,27514,7803,Leigh,Beadle,President,9199298848,Brewers (mfrs),312120,,,,,Private,Orange,14,21819000,ADDABREWPUB.COM,2012
Stags Head Brewing LLC,257 Pine Valley Rd,East Flat Rock,NC,28726,2636,,,,8280001111,Brewers (mfrs),312120,,,,,Private,Henderson,14,20693000,,2015
Starpoint Brewing,2501 University Dr # 9,Durham,NC,27707,2159,Tim,Harper,Owner,9195232302,Brewers (mfrs),312120,,,,,Private,Durham,2,635000,STARPOINTBREWING.COM,2011
Steel String Craft Brewery,106 S Greensboro St # A,Carrboro,NC,27510,2266,Andrew R,Scharfenberg,Manager,9192407215,Brewers (mfrs),312120,445310,,,,Private,Orange,14,21819000,STEELSTRINGBREWERY.COM,2011
Stout Brewing Co,518 N Sims St,Kings Mountain,NC,28086,3262,,,,7040001111,Brewers (mfrs),312120,,,,,Private,Cleveland,14,10453000,STOUTBREWINGCOMPANY.COM,2014
Sugar Creek Brewing Co,215 Southside Dr,Charlotte,NC,28217,1727,Joe,Vogelbacher,Owner,7045213333,Brewers (mfrs),312120,722511,722410,,,Private,Mecklenburg,14,7049000,SUGARCREEKBREWING.COM,2016
Sweet Union Brewing LLC,4320 E Highway 218,Monroe,NC,28110,7053,,,,7040001111,Brewers (mfrs),312120,,,,,Private,Union,14,10453000,,2016
Sycamore Brewing,401 W 24th St,Charlotte,NC,28206,2664,Laura,Caldwell,Controller,7049103821,Brewers (mfrs),312120,,,,,Private,Mecklenburg,14,7049000,SYCAMOREBREW.COM,2018
Sycamore Brewing LLC,8601 Prince Valiant Dr,Waxhaw,NC,28173,8964,,,,7040001111,Brewers (mfrs),312120,,,,,Private,Union,14,10453000,,2014
Tarboro Brewing Co,526 N Main St,Tarboro,NC,27886,4313,Inez,Ribustello,Owner,2525636522,Brewers (mfrs),312120,541870,,,,Private,Edgecombe,14,10453000,,2015
Tarboro Brewing Co,115 E Saint James St,Tarboro,NC,27886,5016,,,,2520001111,Brewers (mfrs),312120,,,,,Private,Edgecombe,14,10453000,,2016
Tek Mountain Brewery LLC,1844 Sir Tyler Dr,Wilmington,NC,28405,8305,Brett Halna,Du Fretay,CEO,9100001111,Brewers (mfrs),312120,,,,,Private,New Hanover,14,4434000,,2015
Thirsty Monk,2 Town Square Blvd,Asheville,NC,28803,5022,,,,8286873873,Brewers (mfrs),312120,722511,,,,Private,Buncombe,23,34511000,MONKPUB.COM,2008
Thirsty Monk Pub Brewery,92 Patton Ave,Asheville,NC,28801,3315,Chall,Gray,Vice President,8282545470,Brewers (mfrs),312120,722511,722410,,,Private,Buncombe,15,22507000,MONKPUB.COM,2008
Thirsty Monk South,20 Gala Dr # 103,Asheville,NC,28803,3373,,,,8285054564,Brewers (mfrs),312120,722511,722410,,,Private,Buncombe,23,34511000,,2010
Thirsty Nomad Brewing,4402 Stuart Andrew Blvd # A,Charlotte,NC,28217,1520,Bradley O,Ledbetter,Other,7049400947,Brewers (mfrs),312120,,,,,Private,Mecklenburg,14,7049000,THIRSTYNOMADBREWING.COM,2016
Thirsty Souls Cmnty Brewing,238 Market St,Mt Airy,NC,27030,3514,Jan,Kriska,Owner,3360001111,Brewers (mfrs),312120,,,,,Private,Surry,14,19423000,THIRSTYSOULSCOMMUNITYBREWING.COM,2015
Three Spirits Brewery,5046 Old Pineville Rd # 200,Charlotte,NC,28217,3033,Jennifer,Terrell,Manager,7046616412,Brewers (mfrs),312120,,,,,Private,Mecklenburg,14,7049000,THREESPIRITSBREWERY.COM,2016
Tidewater Brewing Co LLC,1002 Princess St,Wilmington,NC,28401,4334,James E,Hall,Owner,9100001111,Brewers (mfrs),312120,,,,,Private,New Hanover,14,4434000,,2016
Top of the Hl Rstrnt & Brewery,100 E Franklin St # 300,Chapel Hill,NC,27514,3629,Scott,Maitland,Owner,9199298676,Brewers (mfrs),312120,722511,722410,,,Private,Orange,100,155850000,THETOPOFTHEHILL.COM,1996
Triple C Brewing Co,2900 Griffith St,Charlotte,NC,28203,5430,Christopher,Murphy,Owner,7043723212,Brewers (mfrs),312120,445310,,,,Private,Mecklenburg,12,6042000,TRIPLECBREWING.COM,2012
Triskelion Brewing Co,347 7th Ave E,Hendersonville,NC,28792,,Jonthan,Ayers,Owner,8283887051,Brewers (mfrs),312120,,,,,Private,Henderson,8,11825000,TRISKELIONBREWING.COM,2018
Triskelion Brewing Co,340 7th Ave E,Hendersonville,NC,28792,3706,Becky,Ayers,Owner,8283887051,Brewers (mfrs),312120,,,,,Private,Henderson,8,11825000,TRISKELIONBREWING.COM,2018
Trophy Brewing,656 Maywood Ave,Raleigh,NC,27603,2340,,,,9192464765,Brewers (mfrs),312120,,,,,Private,Wake,9,3961000,TROPHYBREWING.COM,2013
Trophy Brewing Co & Restaurant,827 W Morgan St,Raleigh,NC,27603,1613,,,,9198034849,Brewers (mfrs),312120,722511,445310,,,Private,Wake,4,1761000,,2012
Turgua Brewing Co,27 Firefly Hollow Dr,Fairview,NC,28730,140,Philip,Desenne,Owner,7815044129,Brewers (mfrs),312120,,,,,Private,Buncombe,1,1501000,,2017
Twenty-Six Acres Brewing Co,7285 Westwinds Blvd NW,Concord,NC,28027,3310,Joel,Padgett,COO,9802772337,Brewers (mfrs),312120,,,,,Private,Cabarrus,14,21361000,26ACRES.COM,2017
Twin Leaf Brewery,144 Coxe Ave,Asheville,NC,28801,4026,Timothy S,Weber,Other,8287745000,Brewers (mfrs),312120,,,,,Private,Buncombe,23,34511000,TWINLEAFBREWERY.COM,2014
Unknown Brewing Co,1327 S Mint St,Charlotte,NC,28203,4121,Brad,Shell,Manager,9802372628,Brewers (mfrs),312120,445310,,,,Private,Mecklenburg,14,7049000,UNKNOWNBREWING.COM,2013
Up Country Brewing Co,1042 Haywood Rd,Asheville,NC,28806,2639,,,,8285752400,Brewers (mfrs),312120,722511,722410,,,Private,Buncombe,23,34511000,UPCOUNTRYBREWING.COM,2011
Upcountry Brewing Co,212 King St # B,Brevard,NC,28712,3320,John,Cochran,Owner,8288857538,Brewers (mfrs),312120,,,,,Private,Transylvania,14,16986000,UPCOUNTRYBREWING.COM,2018
Uptown Brewing Co,418 Evans St,Greenville,NC,27858,1834,Donald,Dunn,Partner,2526712633,Brewers (mfrs),312120,,,,,Private,Pitt,16,23337000,UPTOWNBREWINGCOMPANY.COM,2016
Valley River Brewery,71 Tennessee St,Murphy,NC,28906,2938,Michael,Marsden,Other,8288372337,Brewers (mfrs),312120,,,,,Private,Cherokee,6,7678000,VALLEYRIVERBREWERY.COM,2015
Valley River Brewery,994 Bus Hwy 64,Hayesville,NC,28904,,Dawn,Marsden,Owner,8288391472,Brewers (mfrs),312120,,,,,Private,Clay,20,14933000,VALLEYRIVERBREWERIES.COM,2018
Valley River Brewery-Hayesvill,994 Highway 64 Business,Hayesville,NC,28904,5801,,,,8283891472,Brewers (mfrs),312120,,,,,Private,Clay,14,10453000,,2017
Vicious Fishes,219 Fish Dr,Angier,NC,27501,6077,,,,9196393363,Brewers (mfrs),312120,,,,,Private,Harnett,14,18294000,,2017
Waterline Brewing,721 Surrey St,Wilmington,NC,28401,5043,William A,Robinson Jr,President,9103992337,Brewers (mfrs),312120,,,,,Private,New Hanover,14,4434000,WATERLINEBREWING.COM,2015
Watermans Brewing,1610 Pavillion Pl,Wilmington,NC,28403,3735,Craig,Gee,CEO,9108393103,Brewers (mfrs),312120,722511,,,,Private,New Hanover,14,4434000,WATERMANSBREWING.COM,2017
Wedge Brewing Co LLC,37 Paynes Way # 1,Asheville,NC,28801,2626,Tim,Schaller,Owner,8285052792,Brewers (mfrs),312120,445310,445310,,,Private,Buncombe,3,4502000,WEDGEBREWING.COM,2012
Whistle Hop Brewing Co,1288-A Charlotte Hwy,Fairview,NC,28730,,,,,8282315903,Brewers (mfrs),312120,,,,,Private,Buncombe,23,34511000,,2016
White Rabbit Brewing Co,207 Fish Dr,Angier,NC,27501,6077,Ken,Ostraco,Owner,9192759077,Brewers (mfrs),312120,424810,445310,445310,,Private,Harnett,14,18294000,WHITERABBITBREWERY.COM,2014
White Street Brewing Co,218 S White St,Wake Forest,NC,27587,2742,Tina,Radosta,Director,9196479439,Brewers (mfrs),312120,445310,,,,Private,Wake,4,1761000,WHITESTREETBREWING.COM,2012
White Street Brewing Co,400 Park Ave,Youngsville,NC,27596,8688,Dino J,Radosta,President,9195696761,Brewers (mfrs),312120,445310,,,,Private,Franklin,14,19445000,,2014
Wicked Weed Brewing,95 Old Shoals Rd,Arden,NC,28704,9401,Micah,Pulleyn,Director,8285759599,Brewers (mfrs),312120,,,,,Private,Buncombe,23,34511000,WICKEDWEEDBREWING.COM,2017
Wicked Weed Brewing Production,145 Jacob Holme Way,Candler,NC,28715,209,,,,8286705400,Brewers (mfrs),312120,722511,,,,Private,Buncombe,23,34511000,,2015
Wise Man Brewing,826 Angelos Bros Ave,Winston Salem,NC,27101,1524,Michael D,Beverly,Manager,3367250008,Brewers (mfrs),312120,,,,,Private,Forsyth,14,5870000,WISEMANBREWING.COM,2017
Wooden Robot Brewery LLC,1440 S Tryon St # 110,Charlotte,NC,28203,4263,Joshua,Patton,CEO,9808197875,Brewers (mfrs),312120,,,,,Private,Mecklenburg,14,7049000,WOODENROBOTBREWERY.COM,2015
Yesteryears Brewery,300 E Main St # C,Carrboro,NC,27510,2359,David,Larsen,Manager,9196495101,Brewers (mfrs),312120,,,,,Private,Orange,14,21819000,,2016
York Chester Brewing Co,1500 River Dr # 250,Belmont,NC,28012,3587,,,,7048306021,Brewers (mfrs),312120,,,,,Private,Gaston,14,20830000,YORKCHESTERBREW.COM,2017
York Chester Brewing Co LLC,213 W 5th Ave,Gastonia,NC,28052,4084,Jarvis D,Roberts,Owner,7040001111,Brewers (mfrs),312120,,,,,Private,Gaston,14,20830000,,2015
